feature_set,model,num_features,reduction_pct,accuracy,precision,recall,f1,training_time_sec,prediction_time_sec,fitness_validation
Todas las features,Decision Tree,1018,0.0,0.9259259259259259,0.9134615384615384,0.9313725490196079,0.9223300970873787,0.17771819200061145,0.003694204999192152,
Todas las features,Random Forest,1018,0.0,0.9722222222222222,0.9615384615384616,0.9803921568627451,0.970873786407767,0.23957307800083072,0.029878539997298503,
Todas las features,XGBoost,1018,0.0,0.9675925925925926,0.9439252336448598,0.9901960784313726,0.9665071770334929,2.057217229001253,0.06755604700083495,
Subconjunto AG-DT,Decision Tree,430,57.760314341846765,0.9398148148148148,0.9405940594059405,0.9313725490196079,0.9359605911330049,0.06044069999916246,0.0021123760016052984,0.8732809430255403
Subconjunto AG-DT,Random Forest,430,57.760314341846765,0.9814814814814815,0.9711538461538461,0.9901960784313726,0.9805825242718447,0.19400350700016133,0.025665061999461614,0.8732809430255403
Subconjunto AG-DT,XGBoost,430,57.760314341846765,0.9768518518518519,0.9532710280373832,1.0,0.9760765550239234,0.7439682879994507,0.033355614003085066,0.8732809430255403
Subconjunto AG-RF,Decision Tree,440,56.777996070726914,0.9490740740740741,0.9595959595959596,0.9313725490196079,0.945273631840796,0.055812047998188064,0.0021085199987282977,0.8703339882121807
Subconjunto AG-RF,Random Forest,440,56.777996070726914,0.9722222222222222,0.9615384615384616,0.9803921568627451,0.970873786407767,0.187902509002015,0.024780245999863837,0.8703339882121807
Subconjunto AG-RF,XGBoost,440,56.777996070726914,0.9629629629629629,0.9519230769230769,0.9705882352941176,0.9611650485436893,0.7780564940003387,0.03375447200232884,0.8703339882121807
