conjunto_caracteristicas,modelo,numero_caracteristicas,reduccion_porcentaje,exactitud,precision,recall,puntuacion_f1,tiempo_entrenamiento_seg,tiempo_prediccion_seg,aptitud_validacion
Todas las características,Arbol de decision,1018,0.0,0.9259259259259259,0.9134615384615384,0.9313725490196079,0.9223300970873787,0.2707962000004045,0.008157899999787332,
Todas las características,Random Forest,1018,0.0,0.9722222222222222,0.9615384615384616,0.9803921568627451,0.970873786407767,0.3587988999997833,0.05409399999916786,
Todas las características,XGBoost,1018,0.0,0.9675925925925926,0.9439252336448598,0.9901960784313726,0.9665071770334929,2.911033299999872,0.16328119999980117,
Subconjunto AG-DT,Arbol de decision,430,57.760314341846765,0.9398148148148148,0.9405940594059405,0.9313725490196079,0.9359605911330049,0.12443549999989045,0.006707499999720312,0.8732809430255403
Subconjunto AG-DT,Random Forest,430,57.760314341846765,0.9814814814814815,0.9711538461538461,0.9901960784313726,0.9805825242718447,0.3550457000001188,0.047863300000244635,0.8732809430255403
Subconjunto AG-DT,XGBoost,430,57.760314341846765,0.9768518518518519,0.9532710280373832,1.0,0.9760765550239234,1.30066159999933,0.07598150000012538,0.8732809430255403
Subconjunto AG-RF,Arbol de decision,440,56.777996070726914,0.9490740740740741,0.9595959595959596,0.9313725490196079,0.945273631840796,0.13996100000076694,0.0045574000005217385,0.8703339882121807
Subconjunto AG-RF,Random Forest,440,56.777996070726914,0.9722222222222222,0.9615384615384616,0.9803921568627451,0.970873786407767,0.3415087000003041,0.0514034999996511,0.8703339882121807
Subconjunto AG-RF,XGBoost,440,56.777996070726914,0.9629629629629629,0.9519230769230769,0.9705882352941176,0.9611650485436893,1.322997100000066,0.09238569999979518,0.8703339882121807
